date,file_type,added,deleted,files_touched,commits
2026-04-24,python,1131,160,7,2
2026-04-24,markdown,124,5,2,2
2026-04-25,markdown,93,10,2,2
2026-04-25,python,39,7,1,1
2026-04-27,python,713,69,10,3
2026-04-27,markdown,197,1,2,1
2026-04-28,python,1205,40,14,5
2026-04-28,markdown,196,1,2,1
2026-04-29,markdown,1493,1253,3,2
2026-04-29,python,574,375,25,6
2026-04-29,text,1,1,1,1
2026-04-30,markdown,104,3,2,2
2026-04-30,python,85,14,8,1
2026-05-01,python,203,29,7,2
2026-05-01,markdown,149,4,2,2
2026-05-02,python,158,16,3,2
2026-05-02,markdown,123,2,2,2
2026-05-04,python,206,0,3,3
2026-05-04,markdown,150,1,2,1
2026-05-05,markdown,129,2,2,2
2026-05-05,python,39,625,3,2
2026-05-06,python,113,0,1,1
2026-05-06,markdown,101,1,2,1
2026-05-07,markdown,74,3,2,2
2026-05-11,python,860,23,7,4
2026-05-11,markdown,229,9,2,4
2026-05-12,python,1329,436,14,3
2026-05-12,markdown,148,5,2,2
2026-05-13,python,866,18,5,3
2026-05-13,markdown,103,4,2,2
2026-05-14,python,512,17,4,1
2026-05-14,markdown,40,0,1,1
2026-05-15,python,911,133,8,2
2026-05-15,markdown,163,5,2,2
2026-05-16,python,2192,109,16,5
2026-05-16,markdown,1154,13,6,3
